sample_index,true_class,pred_class,pred_confidence,true_confidence
3765,loud,noisy,12.259044,5.465087
570,give,gift,11.538801,10.052709
7536,pen,pencil,11.289731,10.145568
2751,yes,can,11.245708,7.1370907
1865,wait,finger,10.946096,8.700742
2508,kitty,bee,10.899973,6.5320835
786,give,gift,10.777812,9.387984
3775,look,face,10.70463,8.410033
4370,loud,noisy,10.660806,6.701588
7930,nap,sleep,10.526761,9.234549
571,nap,pajamas,10.40427,5.30259
5116,listen,hear,10.316037,9.396585
6973,gift,give,10.26505,10.139054
3465,cat,kitty,10.260331,9.745353
4131,look,face,10.222958,8.99812
1577,into,night,10.204346,7.8074894
585,bedroom,bed,10.179584,7.052466
2711,haveto,have,10.168299,6.682939
7265,pen,pencil,10.153524,10.135588
1832,toy,green,10.116777,7.9170084
4299,nap,sleep,10.106962,8.713828
3579,stay,that,10.09594,9.963275
8208,boat,book,10.077181,8.072543
6882,bedroom,bed,10.042438,7.6855993
303,hear,ear,10.041194,9.538461
7207,bedroom,bed,10.0267,9.09028
4269,bedroom,room,10.00203,8.407354
6316,yucky,hate,9.995319,6.583415
960,kitty,cat,9.970061,9.60774
5306,dog,green,9.954271,5.432129
3809,lips,mouth,9.927509,9.608014
3810,fine,talk,9.919032,6.3000607
1580,bedroom,bed,9.901702,7.2906675
8957,beside,person,9.864568,8.702238
8133,loud,later,9.862225,6.4807935
1201,cat,kitty,9.824536,9.756752
5113,give,gift,9.820671,8.558098
6881,kiss,food,9.81745,5.2824926
6855,green,owie,9.810972,8.6710825
7552,book,person,9.792681,2.178729
7100,bedroom,room,9.773763,5.5523663
422,cut,scissors,9.773474,7.069213
994,beside,person,9.770448,8.027679
2870,goose,bird,9.754835,7.6069016
8754,awake,wake,9.754638,9.413871
2777,grandma,mom,9.680985,5.4150076
1624,look,see,9.671719,8.813739
5772,give,gift,9.660464,8.452922
8979,wait,finger,9.653016,9.262129
4234,cut,scissors,9.539191,9.073534
5215,alligator,loud,9.529804,2.8635824
6018,awake,wake,9.526899,9.004091
5236,give,gift,9.52682,7.505748
5185,give,gift,9.518817,8.275518
8868,wake,awake,9.513279,9.489472
7071,black,face,9.508817,4.6677275
441,face,look,9.491288,9.411046
7946,wake,awake,9.491199,9.136068
4518,bedroom,bed,9.475719,7.6042995
8952,wake,awake,9.471964,9.3881855
8337,puppy,hide,9.4597645,-0.19773415
252,nap,sleep,9.457562,7.627886
8818,quiet,shhh,9.449219,6.7320642
3049,listen,hear,9.4349375,8.584537
6977,can,yes,9.429206,8.429679
7400,go,wet,9.426874,5.824309
8497,listen,hear,9.415449,9.39
3773,room,zebra,9.404419,1.256268
6197,book,fine,9.392246,4.2221665
6340,awake,wake,9.385025,9.069536
426,wake,awake,9.380863,9.243297
6559,awake,wake,9.3803005,9.277209
708,that,stay,9.35304,8.732248
6716,wait,finger,9.342493,9.280244
742,stairs,jump,9.340756,8.975678
4607,nap,sleep,9.336253,8.983501
6916,cry,mom,9.333963,4.2758327
8177,chin,thirsty,9.329303,7.964088
5804,lips,mouth,9.322219,8.266552
4483,yes,can,9.321221,8.50413
3726,toy,green,9.31581,6.963803
1399,noisy,loud,9.311079,8.615281
7602,sleepy,sleep,9.3078375,7.2942033
4089,awake,wake,9.303158,8.740544
5403,flag,fish,9.299372,5.805201
745,that,stay,9.292833,6.9520273
8276,puppy,dog,9.27453,7.9952836
1515,underwear,down,9.239589,1.0822283
6831,awake,wake,9.236723,8.621426
7859,table,helicopter,9.235179,5.2604456
7941,goose,duck,9.213328,5.9129295
3830,into,store,9.209956,4.5816684
4432,bedroom,bed,9.176545,8.749157
270,that,stay,9.171202,9.153659
3129,chin,say,9.166799,7.6818557
1627,touch,yucky,9.1613035,3.30207
4344,open,wolf,9.159102,-0.8657457
6768,pencil,pen,9.1515465,8.922066
7252,into,night,9.145459,8.179834
4796,mouth,lips,9.1451025,7.915784
7113,kitty,cat,9.143317,8.8324995
5207,lips,mouth,9.129585,6.7709923
5516,hide,brother,9.124061,5.6359687
2578,garbage,noisy,9.121508,-1.6048037
4514,sick,why,9.106744,7.2046146
3309,puppy,dog,9.10665,7.729235
6845,awake,wake,9.099369,8.985916
410,wake,awake,9.0922985,9.003505
1792,close,open,9.088946,5.3195333
7607,goose,duck,9.083932,7.5187116
6826,open,book,9.080198,8.734606
5556,sleepy,sleep,9.076468,6.5923214
1287,listen,hear,9.060857,8.81964
7501,bedroom,bed,9.058641,5.925895
7055,fish,there,9.045882,6.8375616
7176,hear,ear,9.044629,7.587633
31,hear,listen,9.0334635,8.938172
2568,awake,wake,9.03217,8.839127
1460,can,yes,9.028285,8.910938
354,ride,stairs,9.017633,5.163083
6793,goose,duck,9.012023,8.448612
5620,arm,hesheit,9.008846,6.1784654
175,into,night,9.004567,8.897664
7837,close,clean,9.003173,1.4490786
4562,snack,food,8.995684,3.7990265
2894,chin,say,8.992362,7.5171566
1255,make,milk,8.984504,7.776313
3038,pen,pencil,8.973402,8.8728285
4524,close,snow,8.964126,8.551185
661,stairs,jump,8.963365,8.918209
8728,because,black,8.94672,7.203422
733,up,closet,8.946441,7.007606
5906,dry,dryer,8.94316,7.683387
4623,pretend,mouse,8.942995,7.4804773
9104,finger,wait,8.93289,8.665774
7125,into,night,8.931319,5.8639793
4595,lips,mouth,8.929541,7.851862
3157,lips,mouth,8.919186,8.2744465
1418,pen,pencil,8.91547,7.926879
4765,bedroom,room,8.912324,5.893545
4868,table,clean,8.90914,6.4647803
6364,sleep,wolf,8.899137,5.79656
9035,into,milk,8.897285,-1.1415819
8251,dryer,dry,8.894836,5.9952745
1219,tree,finish,8.889701,7.658848
8987,into,elephant,8.888546,7.291332
548,into,night,8.887482,6.7067895
2758,awake,wake,8.875898,8.821194
6063,hen,bird,8.872899,8.287553
4475,sleepy,sleep,8.867449,7.5923796
520,sleepy,nap,8.866951,7.0000925
5702,puzzle,vacuum,8.865577,4.8291054
4747,grandpa,dad,8.859469,6.720874
2966,that,stay,8.854722,7.9152656
7551,stay,that,8.853337,8.45815
6386,dry,fast,8.847997,7.9172163
4023,beside,fish,8.847908,6.635425
1781,make,milk,8.847872,7.946488
3506,pencil,pen,8.844576,8.156283
3676,nap,sleepy,8.840544,7.2040753
7389,there,hesheit,8.83291,8.440868
8542,goose,duck,8.829419,6.9671245
1210,have,bath,8.825226,4.7500625
7830,farm,mom,8.817213,5.9323406
4373,rain,cloud,8.8113,6.502086
2063,make,fast,8.811018,8.535048
4251,eye,red,8.810516,-2.4165888
1025,look,see,8.807043,7.6276965
1011,green,owie,8.795324,8.492346
7281,can,yes,8.794971,6.330213
5277,cat,kitty,8.784877,7.926792
6564,after,fine,8.776077,6.8598695
6088,wake,awake,8.771804,8.591156
1002,wake,awake,8.767814,8.354076
6166,awake,wake,8.758277,8.567774
7594,say,chin,8.748489,7.457674
782,give,gift,8.743767,8.095589
7003,every,any,8.731733,5.1615276
7382,hear,ear,8.721992,7.702145
6691,hen,bird,8.719848,4.0567646
7387,same,closet,8.716895,4.7564464
4424,empty,touch,8.701019,4.400252
70,farm,on,8.685246,1.21537
6757,underwear,cute,8.667512,5.9458942
6999,arm,police,8.667441,5.043184
3618,puppy,hat,8.663082,-0.9340235
5157,bed,bedroom,8.650407,7.155974
4904,tooth,glasswindow,8.646745,8.54252
6275,awake,wake,8.645881,8.445
8732,goose,bird,8.641109,7.78765
1169,pig,dirty,8.63141,6.39128
9303,wake,awake,8.631021,8.425192
4354,animal,bath,8.628239,8.224486
8331,bad,bed,8.61948,3.3177128
5257,puppy,white,8.618704,2.449914
7967,ride,toothbrush,8.617699,5.234949
2530,old,shoe,8.611275,2.9967303
4015,yes,can,8.605026,8.186313
3884,hate,grandma,8.603601,3.3110688
8057,pen,potty,8.593848,7.614703
6738,tongue,glasswindow,8.592609,7.215532
8409,duck,goose,8.590668,7.7470913
8986,goose,duck,8.590263,8.14128
5270,listen,hear,8.588879,7.7508445
2494,tree,morning,8.588236,6.2185187
9330,look,see,8.587634,8.074488
4845,awake,wake,8.587152,8.501312
7972,look,face,8.584376,8.365367
4211,hate,sticky,8.569659,4.035009
8040,yourself,girl,8.56371,7.2287154
1812,elephant,on,8.56032,4.443167
7724,cat,kitty,8.556494,8.073563
1850,stairs,jump,8.554145,7.581993
8517,cheek,say,8.537997,0.44294864
4981,bedroom,bed,8.534849,8.186903
1600,child,on,8.523308,6.692347
6664,morning,blue,8.520831,6.312215
2867,wake,awake,8.518714,8.488533
2947,sleep,sleepy,8.51734,7.9726725
3081,sleepy,sleep,8.51242,6.708904
681,sleep,nap,8.500628,7.1512823
2905,awake,wake,8.494285,8.385076
4317,duck,goose,8.490972,8.375625
1862,where,later,8.482517,3.4473262
397,sleepy,sleep,8.47744,5.8950176
3527,sleep,sleepy,8.472073,8.293181
8884,lamp,shower,8.462228,6.3917475
1106,goose,duck,8.460507,8.085917
1354,wake,awake,8.4574795,8.374503
9025,mad,better,8.457275,4.8188996
8665,fish,room,8.454579,7.9721956
5996,pen,pencil,8.452645,7.7254744
8540,penny,first,8.439322,4.3272805
3138,finish,underwear,8.439276,-0.5678038
84,feet,time,8.438981,7.3663445
2487,finger,wait,8.437931,8.073839
6119,goose,duck,8.432606,8.001028
5933,listen,cheek,8.424492,1.0228235
5460,tooth,glasswindow,8.416448,6.3216715
9218,grandma,farm,8.415871,6.712902
8142,duck,tongue,8.407513,8.001109
5085,can,shoe,8.407314,3.930171
8198,grandma,will,8.396973,8.181756
1796,can,yes,8.3913355,7.123317
8121,because,black,8.389336,8.100233
8700,time,gift,8.389081,4.637671
6027,why,sick,8.38597,7.569326
7769,penny,think,8.383547,6.3316674
46,cloud,into,8.374582,5.1228747
8315,cat,kitty,8.373206,7.3497653
8442,water,talk,8.372547,8.106061
247,gift,fast,8.370136,5.892345
4074,bad,thankyou,8.363459,7.230509
7108,pen,pencil,8.361058,7.5722556
7157,pencil,pen,8.360663,8.044303
336,sticky,yucky,8.356765,6.7296486
6720,duck,goose,8.354781,7.8363447
3840,mouse,pretend,8.353628,8.1939945
1332,kitty,cat,8.345039,7.779685
8944,backyard,aunt,8.343193,1.4757937
7300,taste,find,8.340184,1.8336551
6725,face,first,8.340095,5.426847
2102,glasswindow,tooth,8.314297,6.4945183
2375,mouth,glasswindow,8.310796,4.893261
8973,tooth,glasswindow,8.291295,7.393819
377,bedroom,bed,8.282193,4.989083
7434,beside,person,8.278127,6.4415016
724,dad,grandpa,8.273266,6.7283382
4199,yes,can,8.266959,6.3041477
6614,ear,hear,8.262715,3.383774
1690,giraffe,cereal,8.261574,7.4246054
6531,pizza,jump,8.260308,7.7030063
3647,helicopter,rain,8.257989,5.507997
1228,ride,dance,8.254935,8.147908
6435,underwear,jacket,8.249504,0.46604547
6743,awake,wake,8.247141,8.091959
1277,dry,dryer,8.24368,8.215596
6558,red,lips,8.239909,5.615369
1152,awake,wake,8.237334,7.8101096
8680,dirty,not,8.228124,0.6828144
3673,grandpa,man,8.227204,7.1802864
4999,eye,cheek,8.209493,4.1694994
5001,pencil,pen,8.206865,7.586805
8710,wake,awake,8.202804,7.9636316
8025,loud,noisy,8.200518,7.0536456
3452,room,bug,8.199613,2.0977213
4288,red,chin,8.195764,7.6938972
1662,before,outside,8.193775,1.1766874
5193,moon,for,8.188699,7.5729504
1292,finger,wait,8.18802,8.038489
5408,read,dance,8.187385,4.7474957
14,sticky,yucky,8.185596,7.805945
443,gift,go,8.184134,6.1425614
5850,clean,table,8.183193,5.8643603
6708,bedroom,hat,8.181304,-0.4575126
727,cat,kitty,8.177319,7.4910665
834,dryer,dry,8.174531,4.9006352
2888,hello,blue,8.171804,6.634833
4450,give,gift,8.171541,7.7757835
374,carrot,yes,8.167163,6.9156947
297,will,pretend,8.162931,6.210317
7486,face,penny,8.156773,7.130751
9062,bath,have,8.15612,3.4861984
9207,book,open,8.144464,7.3947144
5224,tooth,glasswindow,8.134571,7.6759768
8320,cowboy,cow,8.133885,7.3854237
3260,every,cry,8.131794,5.6721854
8607,mouse,pretend,8.1235895,7.699905
1250,pretty,sleep,8.123083,7.6008916
6265,pretend,mouse,8.119905,4.1690526
2911,hesheit,pajamas,8.117795,5.842416
5841,bye,finger,8.117639,5.417723
1370,bedroom,bed,8.108303,5.6016498
2482,jump,ride,8.106249,6.815191
7727,donkey,boy,8.103461,5.8486724
7021,pool,dance,8.098229,3.3190174
9077,many,drawer,8.092523,6.01287
3630,feet,time,8.090015,6.838674
2903,backyard,many,8.086826,4.1704044
4859,rain,alligator,8.0818205,7.4958797
7139,wake,awake,8.08117,7.9667416
7746,puppy,vacuum,8.07975,6.7765603
7887,shower,hat,8.078587,4.492363
8991,before,shirt,8.075269,4.817219
8727,horse,moon,8.067569,7.906313
2206,wake,awake,8.065278,7.8193626
3974,man,black,8.062509,5.602196
2587,pen,pencil,8.062064,7.7282586
8124,penny,face,8.058994,7.719586
5272,sad,mad,8.055532,5.259787
4181,hide,girl,8.050727,5.262132
4952,duck,goose,8.050012,7.9191947
4966,cat,kitty,8.045599,7.6648684
7608,dry,dryer,8.044118,8.025985
9112,horse,rain,8.034191,7.9081125
3032,water,talk,8.032823,6.279131
7425,kiss,food,8.025592,4.2612047
7626,hungry,table,8.02151,2.4817026
2515,any,another,8.020972,6.5329833
734,napkin,cute,8.017078,3.0840585
4593,dog,puppy,8.012934,7.370755
8358,mom,grandma,8.010417,5.6149116
1798,garbage,icecream,8.004404,3.5673013
6967,awake,wake,7.998909,7.9262366
2818,dad,man,7.997228,6.996641
5769,alligator,elephant,7.9889903,7.798772
9124,lips,mouth,7.983468,6.648349
8330,cloud,balloon,7.982588,7.9465637
1644,store,pool,7.98249,6.2410874
6198,orange,blow,7.981276,3.7110424
1610,another,any,7.9799476,7.7468777
904,duck,goose,7.974896,7.5976877
1474,tree,alligator,7.9709196,2.6063395
5892,into,night,7.9675207,7.7287316
2755,outside,go,7.9656167,7.3948293
1765,pool,clean,7.961945,6.5870943
1079,weus,zipper,7.961906,3.3815198
4010,kitty,bee,7.9582324,6.7689857
5353,feet,frenchfries,7.9555774,5.989803
1028,think,head,7.9481087,3.6073828
3777,quiet,talk,7.947675,6.534493
1972,say,chin,7.938618,7.91663
4428,close,snow,7.9368806,5.2085266
1854,finger,wait,7.9350147,6.419628
5139,pencil,penny,7.931825,7.6205993
7105,fall,scissors,7.915705,4.859042
4396,hide,yourself,7.915277,4.6044393
5431,car,close,7.9061427,-0.22451913
765,stairs,frog,7.9058905,4.717084
1444,think,penny,7.9044037,7.425242
9005,grandma,mom,7.9043036,7.232186
4476,read,dance,7.90027,5.914166
4710,quiet,shhh,7.8997703,6.512984
4703,wake,awake,7.8959627,7.859748
7725,cut,scissors,7.8906603,6.6186686
5205,yellow,now,7.8889403,7.2284274
7910,face,smile,7.877221,3.0955844
5413,goose,bird,7.874511,7.387393
2710,jacket,jeans,7.867123,5.1507816
445,outside,wet,7.849375,5.5662336
1387,hide,vacuum,7.8426104,6.1716785
3456,eye,nose,7.837826,7.5510597
396,pencil,toothbrush,7.8362007,6.730941
8163,hair,radio,7.8201094,4.443313
9122,bye,can,7.8199306,1.9823842
195,there,boat,7.8166337,5.9949512
3778,scissors,cut,7.811709,7.103004
7178,story,empty,7.81112,5.2566905
1977,not,old,7.808259,5.1165595
4488,dirty,pig,7.8077493,6.201749
5443,lamp,drop,7.8069735,5.5541625
7220,napkin,flower,7.8028445,7.725698
8016,pen,pencil,7.8004794,7.3458905
7483,callonphone,now,7.794466,7.738904
6547,dryer,cry,7.790085,6.859237
1382,drink,that,7.7838073,5.6103373
9335,drop,backyard,7.7783875,7.6802726
4941,boy,owl,7.7771106,6.48459
4182,make,refrigerator,7.7761035,5.311983
3715,cut,dance,7.773777,5.876002
3,beside,have,7.7735543,3.143781
2750,brother,all,7.7666264,6.9105124
8859,sleep,sleepy,7.762739,7.250101
5010,potty,pencil,7.747757,7.4864197
685,puzzle,jump,7.747383,6.1660323
1820,there,dog,7.7433314,4.046891
5269,snack,icecream,7.7431464,3.9963295
2211,morning,wait,7.732745,6.4307494
6393,owie,hide,7.730862,4.481006
4919,quiet,talk,7.727096,6.365636
4304,sleep,sleepy,7.7261367,7.381737
8343,hear,ear,7.7210965,6.536052
6762,cry,fast,7.7107744,5.5961947
5301,talk,quiet,7.7083645,7.5777974
6417,goose,duck,7.706026,7.382105
4823,cereal,pizza,7.7050157,5.8811975
6943,jeans,puzzle,7.701562,2.2170255
8745,chin,say,7.700135,7.1223826
2343,animal,have,7.697865,7.0069923
6775,pig,blow,7.687012,6.1907926
4043,lips,glasswindow,7.686919,7.4292336
3867,man,grandpa,7.6763496,6.80745
4008,pajamas,minemy,7.673621,5.606402
7444,girl,every,7.669436,7.3041506
4296,tongue,glasswindow,7.6654944,6.3383474
2924,toothbrush,dry,7.656234,6.0324373
9177,will,person,7.6498275,5.0658393
4404,awake,wake,7.637576,6.916016
1650,find,sticky,7.631267,7.5743136
9092,who,bird,7.627081,7.553498
497,there,book,7.6218777,4.452741
1945,finger,say,7.618957,5.6966066
7627,food,flower,7.6178074,7.2177825
7074,wake,awake,7.6126695,7.3856454
5235,blue,hello,7.6092806,6.384725
7320,tongue,say,7.608614,5.8302226
89,jacket,yellow,7.6047816,5.850928
8274,kiss,snack,7.603868,6.022395
3872,sun,pretend,7.603111,2.9435554
7631,bad,boat,7.6004944,2.8675978
2155,look,chocolate,7.599403,7.074327
1840,giraffe,mad,7.5972857,7.4977207
5068,after,fall,7.589157,-0.3659065
2106,wake,awake,7.585939,7.4909515
6271,drop,can,7.5849366,6.8337593
3585,sticky,touch,7.574639,7.5166583
53,dryer,dry,7.5696774,6.1845117
2329,dryer,many,7.5611787,4.909401
4107,mouth,chin,7.558914,3.9842362
4810,lips,mouth,7.5578723,7.551125
6936,up,later,7.548073,6.003482
4903,yes,down,7.535031,4.7656183
5347,later,loud,7.5285954,6.809573
5717,underwear,mouse,7.5259147,5.7741084
5404,all,later,7.5252504,6.7163095
4805,wait,boat,7.521616,3.8799355
6856,mouth,lips,7.5197697,6.998715
1882,cereal,giraffe,7.517295,7.075596
5671,drop,store,7.516314,6.7641516
8530,beside,before,7.5099106,6.1627207
6059,noisy,finish,7.509385,7.2937837
4383,open,morning,7.508486,7.0760007
2272,hot,empty,7.4992757,6.0654364
1803,hide,any,7.498068,7.346809
4990,brother,boy,7.4979935,5.9219103
8930,there,beside,7.4978185,5.544823
2107,cheek,tooth,7.491938,2.4830327
7619,time,zipper,7.4918685,3.027431
1199,that,stay,7.4913383,7.206401
6913,mouse,doll,7.486272,5.022053
2807,bee,beside,7.481997,2.861701
2743,elephant,jump,7.478718,6.478349
1640,yesterday,airplane,7.475016,6.135688
771,table,arm,7.4746723,6.1746125
6381,give,gift,7.470665,6.859719
6880,any,yourself,7.4684906,7.303742
8749,fall,high,7.467838,6.5868545
2593,every,hide,7.463682,7.0751615
2912,sad,brown,7.462297,6.3074923
5979,wake,puzzle,7.4600344,0.6096537
8789,ear,hear,7.459843,6.9641457
965,zipper,jacket,7.455153,7.1142635
7665,minemy,please,7.4542823,6.4536567
4399,wet,outside,7.4436636,6.6582704
6,make,hide,7.4426413,7.434464
5550,lamp,not,7.4388933,3.278417
1155,yes,can,7.438685,5.7736406
6143,lips,mouth,7.4319906,6.7759185
8591,tongue,tooth,7.431646,6.248015
5093,beside,hide,7.4310794,6.654951
8576,cowboy,boy,7.4295287,6.3020415
1341,sad,snack,7.4289885,5.025289
4972,pencil,pen,7.4273076,7.0494275
8671,chair,read,7.421659,7.18512
2420,brother,boy,7.4206753,5.6436796
5908,will,bedroom,7.409608,6.8924584
5793,duck,goose,7.4059863,7.3052735
43,sick,tree,7.4024687,4.7746253
9053,close,fish,7.4019127,4.7392645
905,haveto,have,7.399431,4.5731716
662,carrot,chocolate,7.398785,7.383778
3216,on,backyard,7.3984876,6.793162
7564,penny,pen,7.397863,5.805135
6580,table,helicopter,7.3974824,7.367821
4988,cut,scissors,7.396759,6.288564
524,cheek,gum,7.3939385,5.7411838
2263,beside,fine,7.388923,4.764436
9213,before,morning,7.387612,6.622639
5232,mouth,red,7.3783803,7.093752
5818,kiss,kitty,7.3776493,6.8234015
7831,that,stay,7.3775263,7.35772
6889,giraffe,smile,7.3774996,3.4828389
3021,hesheit,stay,7.373512,5.2500906
1920,donkey,boy,7.3703055,4.255069
7410,dryer,dry,7.3682017,6.1535106
362,any,another,7.3658295,5.382951
4718,wake,awake,7.3652735,7.1320977
3792,frenchfries,pool,7.3531394,2.532616
8113,jump,chair,7.351899,6.8543177
1176,wait,boat,7.349455,5.653453
1018,hate,sticky,7.347079,6.768419
3927,noisy,go,7.3311076,4.3762546
8074,no,tree,7.3309855,-0.47472936
5554,will,bedroom,7.330684,6.7866096
6917,on,child,7.3303022,6.9335175
4750,man,dad,7.328918,7.246398
8236,will,bedroom,7.328159,7.1477537
470,glasswindow,tooth,7.3268905,6.496328
7087,jump,read,7.3250175,6.1938696
8699,toothbrush,pencil,7.3221126,5.3220654
1654,cat,kitty,7.3213253,6.977975
6875,into,on,7.3210354,5.17989
4108,man,dad,7.3163,6.6885843
600,room,beside,7.313979,6.5784364
5794,finger,wait,7.31369,7.231299
262,bird,goose,7.3136373,7.2412486
7456,old,balloon,7.303807,5.3465767
8455,balloon,will,7.303545,3.3491635
7909,time,down,7.302224,5.682792
2293,snack,underwear,7.300069,4.1936126
4659,girl,yourself,7.2967587,6.293081
6194,brother,every,7.2954526,6.994936
7720,wake,awake,7.293934,6.6121774
2588,drawer,car,7.288956,5.4275427
4484,brother,because,7.284824,3.8817513
5167,glasswindow,tooth,7.2787814,4.6387606
5843,fall,dance,7.2782207,6.831405
3060,fast,every,7.2771893,0.3232265
703,cow,donkey,7.2765813,4.7040224
7890,talk,book,7.2753577,5.5653143
4210,tooth,lips,7.2738132,5.2144923
5716,where,loud,7.2734737,6.994866
4611,animal,have,7.2694077,7.1482377
1593,duck,goose,7.2663817,6.574832
5278,feet,dance,7.2598395,5.35935
5558,pajamas,lamp,7.2569404,3.3173966
3620,give,gift,7.2568855,5.286979
7060,say,red,7.2537427,6.345704
1196,pretty,sleep,7.2482963,6.412048
7954,happy,thankyou,7.245824,6.172717
625,napkin,see,7.244032,1.3976744
3824,clown,mad,7.243929,6.9406114
665,fine,water,7.243817,6.7207155
116,stairs,jump,7.243548,6.9858494
1297,shower,sun,7.242079,4.2014
284,blow,elephant,7.236818,6.6314692
1216,ride,any,7.235309,1.1104411
3499,napkin,flower,7.2313747,5.3351336
8302,dry,fast,7.2304683,6.53028
1669,toy,girl,7.225958,7.178754
4203,jeans,stay,7.2259464,6.8593497
4668,go,toy,7.222033,4.3493485
141,lamp,empty,7.2212777,4.38551
8340,after,there,7.2148747,5.0855184
2577,nose,go,7.2076287,4.166911
1961,open,on,7.1997128,3.4668717
7405,hair,dad,7.1963954,6.459092
5228,flag,morning,7.1946235,5.55447
206,finger,wait,7.1929846,6.3848786
1652,jump,TV,7.190936,6.552677
2074,say,chin,7.190064,5.544814
3154,hide,vacuum,7.189257,5.9559603
4139,hide,not,7.188434,3.199572
976,smile,gift,7.1876383,3.9989033
6573,balloon,farm,7.1868443,5.8544984
7639,that,night,7.184208,4.347367
8105,for,think,7.17504,5.742133
5003,ride,tongue,7.1742144,4.4032187
7476,morning,hat,7.173971,4.6693897
4124,sleepy,sleep,7.1739264,5.796462
6634,please,minemy,7.172319,4.4567304
1623,smile,pig,7.171809,4.929843
5664,animal,shirt,7.1709075,6.700598
6948,lips,pretty,7.170162,3.4002
4675,eye,cheek,7.166,5.021648
2022,mitten,same,7.16586,4.9088726
9339,pretend,sun,7.161962,3.5966177
290,alligator,rain,7.154457,6.5127125
2801,arm,home,7.1524305,0.79549384
4662,cry,fast,7.150914,5.4897084
1347,glasswindow,tooth,7.150172,6.865615
2696,look,see,7.1473293,3.4508739
4144,tongue,glasswindow,7.1469483,6.672089
4872,scissors,dance,7.1459064,6.074181
8389,sticky,wait,7.1458473,6.3991246
2731,have,bath,7.1454997,6.797747
3936,bad,hate,7.1443243,0.7373274
5176,mom,talk,7.142835,6.571905
6899,bath,have,7.142122,6.8563523
5744,will,bed,7.14069,7.1134653
1206,penny,think,7.1367464,4.9524007
361,yes,can,7.1365995,6.942376
4306,feet,jeans,7.1228395,1.4507099
6158,another,yourself,7.1222224,2.3771005
7248,blow,kiss,7.1220613,5.5585756
2163,dance,down,7.121073,6.7287683
2576,glasswindow,pretty,7.118561,3.9023378
5988,old,not,7.1182737,6.3052607
6286,girl,aunt,7.1101103,7.034526
3730,lips,eye,7.103943,5.2255883
7561,mad,drink,7.102849,3.7973163
4862,uncle,chair,7.102445,5.4696574
8032,cute,stuck,7.1002474,6.3997893
2368,glasswindow,tooth,7.099395,6.482756
8704,drink,red,7.0972595,1.2991487
936,boat,close,7.097172,3.5546665
3758,dad,man,7.0905557,7.0880847
5533,on,dirty,7.087906,3.0981207
3188,kitty,kiss,7.087696,1.2742188
9267,girl,shoe,7.0849824,3.640714
8642,animal,bath,7.078963,6.6743493
6613,cute,pizza,7.0752797,6.1637287
884,fast,every,7.0746317,1.9934152
6465,pig,table,7.0744867,4.3904686
2913,chin,say,7.0733595,6.732561
4283,haveto,have,7.061948,5.989345
24,smile,dry,7.058298,5.2683897
4033,sleepy,sleep,7.0539694,3.827373
4799,gum,nap,7.045774,5.9841647
4878,kiss,flower,7.04196,4.1564116
267,thirsty,zipper,7.0417833,4.28743
1602,weus,brother,7.041362,3.269842
4445,underwear,pretty,7.033095,6.9072227
720,yucky,clean,7.0320096,6.546481
6877,mom,quiet,7.0306582,5.5832314
3057,jeans,stay,7.0302567,5.1727476
5145,flower,pretty,7.022662,4.2155123
1839,sick,taste,7.0219774,3.388892
2555,goose,elephant,7.011864,6.5337214
6723,go,pretty,7.006978,5.5110216
6796,outside,sun,7.006273,4.6942167
2885,hesheit,gift,6.9891844,6.205481
2952,snack,underwear,6.986641,6.2361765
3752,before,book,6.9834433,3.1947262
7550,because,black,6.98238,6.8934493
2567,puzzle,read,6.97863,5.3838334
3099,napkin,dance,6.974191,4.348841
4945,chin,say,6.970016,6.041032
996,carrot,chocolate,6.9672484,6.325088
7878,cute,underwear,6.965473,6.451197
7995,tooth,glasswindow,6.9652514,6.551661
882,hide,jacket,6.9645934,5.8708324
6408,tongue,chin,6.9554834,5.837457
779,drop,ride,6.950701,6.2587376
3920,story,mom,6.947621,2.0241563
439,hair,lion,6.944835,0.88395387
6979,cat,bee,6.943816,5.3727584
1733,sleepy,sleep,6.936966,5.957136
1828,all,pool,6.93605,4.62603
8171,every,aunt,6.929719,4.4139132
6472,empty,taste,6.920643,6.8871775
7096,refrigerator,apple,6.919058,3.1149328
3202,underwear,girl,6.9189186,1.4871728
9253,yes,puzzle,6.918893,1.6286402
5434,animal,have,6.9181848,6.13771
705,kitty,puppy,6.9179506,6.5053134
2188,white,wolf,6.909835,5.8966193
5615,dog,puppy,6.907976,6.3328133
115,fast,hesheit,6.9055033,5.281294
1266,bed,will,6.902264,5.8752646
8795,sticky,cat,6.901353,6.1650615
6777,child,on,6.9007406,3.026403
29,finish,sad,6.9004226,5.839437
3383,go,owie,6.9001465,5.4347153
4897,nuts,bird,6.894067,5.710772
830,hello,noisy,6.892679,1.2965004
8590,book,on,6.8917413,5.040964
8717,bedroom,bed,6.891718,6.5541906
8386,story,on,6.891041,1.1311495
7762,chocolate,balloon,6.8870006,6.6447763
3286,hat,garbage,6.8866878,5.994931
2512,lips,mouth,6.8822494,4.6010785
1735,night,blow,6.879987,5.558877
8947,yes,can,6.87717,5.740295
8070,drink,kiss,6.875892,4.497359
2684,pajamas,brother,6.8707023,1.3055692
5292,fast,puppy,6.869342,6.0279913
3923,who,bug,6.865613,5.4544296
761,outside,sleepy,6.8646903,2.4432244
8662,sleep,sleepy,6.86401,5.328615
8570,nuts,hide,6.8629866,5.1564994
5896,pizza,jump,6.860028,4.202798
2247,farm,yucky,6.8578787,4.8123236
4962,vacuum,fall,6.855185,4.375708
4984,pizza,TV,6.851658,6.190745
7267,person,beside,6.8510356,6.8216248
1634,helicopter,cloud,6.850369,3.925488
8349,pen,pencil,6.847894,6.017172
423,duck,tongue,6.84758,5.088779
2951,fall,room,6.8465643,0.44096643
8767,tomorrow,yesterday,6.8447375,6.1111536
1955,gift,after,6.8426175,5.10327
155,clean,any,6.8400536,6.59067
6406,shirt,fine,6.838993,6.4654717
3836,say,sticky,6.836195,3.6374288
8230,fall,table,6.830126,3.490936
8525,bug,dog,6.8288245,3.9162374
4510,nuts,jacket,6.826364,0.16560133
285,nose,noisy,6.8217216,4.8767343
2419,can,after,6.8190284,2.1946976
7455,give,sticky,6.8187385,2.9918625
4754,drawer,car,6.817925,5.2956634
8068,fish,sad,6.817098,-0.22015578
6147,person,blue,6.815055,4.6466208
4800,backyard,bath,6.81447,1.5587865
5797,flag,cereal,6.8100944,6.1537013
7158,hot,bad,6.809219,6.6427255
4565,snow,finish,6.8081813,4.553664
2084,arm,zipper,6.804695,1.4383255
6615,alligator,snow,6.794046,5.1791778
4359,home,head,6.792074,6.3271227
924,animal,before,6.7886243,2.08077
7134,duck,no,6.7871222,3.9184234
3735,police,closet,6.785665,1.7734814
7247,puppy,TV,6.783351,4.4868402
8174,after,hello,6.782699,1.958586
3389,TV,dog,6.7761507,4.892516
6467,face,penny,6.7734256,5.735001
4692,sticky,find,6.765868,5.878976
7466,lips,tooth,6.76561,6.339141
2906,glasswindow,say,6.762865,5.6294026
6470,frenchfries,pool,6.762696,2.7524145
7116,open,white,6.7603,1.4821302
9105,stuck,pretty,6.7590294,6.628995
1496,weus,owie,6.758022,1.7344344
4624,tongue,say,6.75606,3.9103508
2370,mouse,doll,6.7521796,6.3202076
4263,quiet,open,6.751024,3.2203715
1119,jump,chair,6.748852,6.140276
2056,down,can,6.742037,5.481064
8747,cereal,garbage,6.7420297,6.613914
3175,grandpa,pretty,6.7365255,4.929675
5651,potty,feet,6.7344613,5.859417
9129,cow,cowboy,6.7329893,5.0149784
4222,toothbrush,mouse,6.718326,5.227739
1432,story,all,6.718013,6.460684
8132,book,wait,6.716484,6.140726
7610,cry,car,6.7100716,2.991608
3532,vacuum,zipper,6.708985,5.7101927
7514,loud,go,6.70504,5.5876923
8678,hate,alligator,6.704722,-1.1394536
8604,chin,say,6.7034507,5.967739
3679,girl,nuts,6.7027855,5.392335
7151,sun,child,6.696196,4.8353715
5423,awake,wake,6.691576,6.580852
3367,finger,alligator,6.6863213,4.6414795
8377,no,jump,6.685713,6.610709
6578,balloon,many,6.684686,5.6246185
8195,fireman,hello,6.6829047,3.4899917
1534,cat,cry,6.6800685,6.1059394
6183,make,puzzle,6.679693,1.979289
8775,cereal,weus,6.675328,3.427654
8397,pretty,hungry,6.673395,4.7620573
3397,white,give,6.6714025,4.8193517
3042,wet,outside,6.66968,4.0359745
3932,fall,ride,6.665031,3.0280032
4177,puzzle,yes,6.6620092,4.6307683
1411,flag,grandpa,6.6569033,4.695304
1394,puppy,cat,6.6568975,0.7350207
5320,sleepy,nap,6.6565027,6.154591
5317,sleep,sleepy,6.6516423,5.896639
4761,toy,jacket,6.651377,4.289477
7545,morning,bad,6.6484966,1.4669709
8941,close,open,6.646364,4.3604097
2628,clown,wolf,6.6450377,6.4381003
1674,sun,boy,6.6439815,4.9777913
6225,drawer,jeans,6.643863,3.27137
120,backyard,person,6.642692,3.2585905
5994,underwear,puzzle,6.6401453,3.8224363
2865,mitten,alligator,6.637968,5.671533
5202,snack,blow,6.636282,6.347045
198,into,store,6.6344256,4.245175
7828,drop,shoe,6.6310205,6.199201
6062,animal,bath,6.6298904,6.152536
1800,duck,pig,6.6282444,5.5168056
5275,drawer,toy,6.627923,1.9824239
8611,cloud,dad,6.6273017,4.2370405
6107,water,wet,6.62726,5.9221077
5229,go,haveto,6.6236267,6.517423
2849,dirty,all,6.621071,6.1674137
2305,face,brother,6.6167316,6.231274
447,cut,fine,6.6162543,4.582762
824,another,jacket,6.6144567,2.9554691
2891,open,will,6.614181,5.339819
2496,wet,taste,6.612296,6.148204
4551,up,potty,6.609235,6.0187936
2173,haveto,yes,6.605187,6.3822465
8254,milk,many,6.603803,5.6689444
9167,backyard,hesheit,6.60188,1.2370629
2852,potty,fast,6.6012797,6.0820704
595,think,sick,6.5969114,6.2702503
5991,nap,sleep,6.5898824,5.9135528
263,fast,later,6.5879602,4.859383
2461,refrigerator,read,6.5828643,3.8407788
6136,shhh,bird,6.576997,6.2437887
3077,hat,tree,6.571736,6.19321
5897,there,thankyou,6.5706496,4.414121
8705,hair,radio,6.569597,4.511457
5363,stay,that,6.567958,6.5482965
1672,like,yellow,6.559335,3.428
832,any,clean,6.558816,4.361226
8782,rain,snow,6.5581107,6.5304575
1595,helicopter,boy,6.557919,0.39121395
5303,find,yucky,6.5563607,5.504415
6460,room,fish,6.5530934,3.0515773
7195,yourself,give,6.5504603,0.8829175
8015,pretend,carrot,6.548111,1.0834174
6294,can,yes,6.546767,6.025882
3064,outside,shower,6.5465064,4.717707
2366,stay,night,6.5462203,5.81507
8916,pretend,mouse,6.542818,6.532756
8845,fish,room,6.5421886,4.7561784
6076,pretend,mom,6.535739,4.9756594
4118,arm,dance,6.533308,1.7137549
8583,car,refrigerator,6.530315,6.129229
7037,potty,dog,6.529659,-0.2830912
6242,lamp,garbage,6.52877,5.1861315
8126,apple,gift,6.523813,5.405004
6195,eye,cheek,6.5213637,4.056254
2805,nose,toothbrush,6.520767,5.223462
651,cut,see,6.5201254,6.0899506
3706,outside,wolf,6.5184574,5.795031
3973,hair,listen,6.5134835,6.138377
3720,before,boat,6.513391,4.443053
7695,shirt,zebra,6.5132327,5.0876107
1836,tooth,tongue,6.5114765,5.9038954
8325,sleepy,flag,6.5104337,5.139393
3181,wait,drawer,6.510398,5.590516
7153,there,tree,6.509136,5.038026
3312,kiss,pizza,6.5057697,6.192357
8440,feet,no,6.505173,3.3609073
895,high,cut,6.502119,6.384433
2848,no,old,6.5000916,2.0766513
6863,brown,pretend,6.4985723,3.867757
213,feet,zipper,6.4958453,2.3873422
6997,finger,taste,6.490961,3.0630295
7919,scissors,fish,6.490283,6.0691347
3965,boat,mitten,6.4882255,5.3425236
6508,beside,there,6.4816732,4.1456685
4737,backyard,morning,6.481006,-0.75530314
1542,listen,owl,6.477639,5.7433867
2930,alligator,rain,6.4729686,6.451196
3910,flag,book,6.4665127,5.428847
2157,scissors,dance,6.466016,4.0148897
4715,white,table,6.464057,4.2019877
5266,table,penny,6.461151,-1.4218731
8432,smile,tooth,6.460041,2.1971383
8435,child,on,6.4566336,5.9274044
2582,stairs,yes,6.4557767,2.2911015
3954,because,better,6.455723,5.621421
2392,napkin,tiger,6.4531384,6.1224875
8118,pool,pen,6.451344,4.9448266
1284,mad,clown,6.448966,4.6016755
6675,farm,balloon,6.440942,6.21495
5406,talk,bye,6.4376273,2.3613706
2987,all,tomorrow,6.436786,2.9735985
1944,water,old,6.4354167,4.698988
1910,bath,animal,6.424619,5.729841
8550,mom,farm,6.420443,5.0717134
2726,pool,blue,6.4194527,3.3891516
4993,on,child,6.413817,5.13047
6318,after,happy,6.406809,5.4776435
5063,apple,empty,6.406406,1.7555759
2661,jeans,that,6.4028707,4.6660976
1531,eye,cheek,6.398175,5.177867
2882,yellow,if,6.398154,5.7419925
4771,stay,that,6.3945723,6.090868
3611,balloon,doll,6.392923,3.6845765
9144,pen,green,6.3809032,5.462386
6700,happy,minemy,6.378866,5.1276565
5951,red,zipper,6.3785253,5.0415454
8864,grass,better,6.377019,6.121704
5396,drop,night,6.3758907,4.7535076
6604,moon,awake,6.372493,4.8694587
2679,smile,nose,6.3702216,-0.1678933
3547,all,green,6.369886,5.606347
6334,there,hesheit,6.36949,5.032465
6244,cute,thankyou,6.368214,5.12452
6278,high,scissors,6.367904,5.744402
5435,touch,yucky,6.365695,5.955893
1609,radio,high,6.3654704,4.0535617
4836,giraffe,dry,6.3634872,2.7179306
2548,hear,no,6.357441,5.8018155
8415,napkin,chair,6.3554153,3.0368688
8807,alligator,noisy,6.354179,6.138444
4279,noisy,dryer,6.3531804,4.2071996
2376,dryer,chin,6.346097,4.9255404
2960,closet,open,6.3414726,6.1429863
6579,wait,wet,6.3404026,5.930616
7673,talk,water,6.3396916,5.6549287
8360,like,say,6.335019,5.005349
4423,if,fast,6.3347588,1.8526313
2180,noisy,loud,6.3260317,5.911264
5780,flag,bad,6.324964,6.043592
6134,shower,head,6.32137,5.8081145
6449,farm,mom,6.311267,4.8139367
3864,helicopter,after,6.3081684,1.0746673
8266,have,shirt,6.308149,3.9392068
7535,shirt,callonphone,6.3051953,-1.265632
3914,jacket,not,6.3049273,5.632932
1697,TV,gift,6.304899,6.1266932
7403,toothbrush,not,6.304683,3.923921
942,pencil,pen,6.299021,6.1896462
2464,sticky,see,6.2964945,5.1797605
1726,fish,mom,6.296135,5.9818115
8622,tiger,story,6.295826,1.1938477
2825,after,empty,6.2875066,5.408719
7230,hear,ear,6.2873483,4.2424116
3980,taste,snack,6.2859507,5.8799887
3272,who,shhh,6.2851305,5.73651
4542,think,time,6.2825394,2.3245878
4875,quiet,old,6.2820992,5.4142537
4887,have,bath,6.2801695,3.6928113
4005,thankyou,better,6.2735615,3.5943582
6886,where,gift,6.273514,4.82272
4825,outside,blue,6.2722034,2.1119287
7907,can,puzzle,6.264811,3.102599
4113,child,story,6.2617097,4.8898807
4391,feet,pen,6.2614574,4.8235106
510,sad,taste,6.260287,5.7140346
5036,every,snack,6.256365,5.9694858
6653,toy,into,6.2563105,-1.17816
747,cloud,hat,6.251535,0.9371402
1932,cry,read,6.250493,2.173563
7819,sleep,sleepy,6.243115,5.381857
6488,sleepy,sleep,6.2418523,5.1254272
2594,clean,fine,6.240854,5.7679334
496,old,icecream,6.2401056,6.0579457
7544,gum,zebra,6.239443,0.27052847
3350,backyard,stay,6.237754,5.2911835
5217,flag,better,6.23238,1.5968484
5932,open,tree,6.231252,6.07043
3051,cut,helicopter,6.2299933,5.028404
5792,yucky,finger,6.2280526,4.407628
7731,shower,store,6.2269635,4.7531877
304,many,wait,6.222546,6.0521593
6736,yesterday,cow,6.219377,4.965978
1617,mouth,weus,6.2171187,5.2256527
4777,puzzle,potty,6.2156754,3.7240098
7599,jump,ride,6.2132835,1.6222978
3029,cereal,grass,6.2109957,6.0571146
6630,night,clean,6.209525,-0.31183028
6625,every,aunt,6.2080297,5.043512
4011,wet,sleepy,6.207377,5.51504
2115,empty,wait,6.203655,6.186627
4035,after,bad,6.1988664,5.1805687
5226,night,pool,6.1964,4.5327616
1492,puppy,same,6.194895,2.105085
6140,mitten,wait,6.1932383,4.6802826
3685,yourself,nuts,6.1930203,5.9048004
2077,sick,happy,6.191498,0.7358459
1344,book,boat,6.190051,5.8233776
7809,puzzle,down,6.182519,2.4364147
5148,jeans,yesterday,6.181475,2.2939892
6506,down,ride,6.175863,5.72307
3059,before,puppy,6.1706815,4.7231755
2158,hate,snack,6.1699924,5.4073405
5618,up,not,6.1680346,1.6898924
537,read,look,6.1677427,5.307671
169,if,into,6.1671953,-0.2703086
6138,pig,hungry,6.156537,3.746815
6803,loud,moon,6.152785,4.3942776
145,hide,vacuum,6.1527076,3.7499692
4564,man,beside,6.149758,3.7084727
4042,giraffe,face,6.1450634,5.6664243
5457,puppy,fish,6.144724,4.277583
7429,where,garbage,6.137206,5.3231215
7013,ear,noisy,6.133927,1.2849092
5803,vacuum,fall,6.1317887,3.7944946
7801,outside,radio,6.131597,4.2394238
6222,puppy,sticky,6.1304297,3.966697
4135,minemy,please,6.130222,6.0300837
8661,weus,all,6.129689,5.529897
7097,shower,hear,6.123326,1.3534937
5126,fireman,table,6.122104,2.7973397
7920,fast,red,6.1219907,4.684695
5318,pen,potty,6.1211143,5.4867654
7175,bath,make,6.1126995,5.7404222
4572,beside,zebra,6.112548,4.3722196
2327,close,room,6.109444,5.9615016
6810,backyard,ear,6.1087217,4.20701
2875,chair,shoe,6.108197,2.0474296
4264,owl,cloud,6.104218,3.6895766
3617,touch,loud,6.0987754,3.6970806
4249,toothbrush,tooth,6.0984325,4.481515
3370,farm,grandma,6.094948,3.9603696
7796,weus,zipper,6.0945582,1.3847221
5393,cute,thirsty,6.093613,5.7210765
138,book,boat,6.093569,5.456432
8654,not,every,6.093066,2.031518
4996,pen,puzzle,6.0913415,5.233025
6461,touch,chair,6.087849,3.0658965
8206,pajamas,like,6.087117,5.591561
4230,first,pool,6.0829234,0.6597062
2736,time,dance,6.069108,5.752172
2616,look,ride,6.066412,4.7542067
8033,nap,bed,6.0663133,4.9016447
1257,better,now,6.063795,2.3058007
8004,tree,fireman,6.0624285,5.348824
8913,there,before,6.0613117,3.5814967
6541,bedroom,grandma,6.0591316,2.9562278
6046,before,glasswindow,6.058866,5.5861545
7943,awake,backyard,6.058555,2.559629
6167,go,green,6.0542135,5.5215316
3425,ride,another,6.0532947,2.5988624
9186,pencil,tooth,6.0525923,5.541887
7661,many,sticky,6.047227,5.389023
7747,vacuum,empty,6.047098,0.9909295
8021,taste,snack,6.045803,3.0834825
5125,carrot,toothbrush,6.0440283,1.1238924
1396,giraffe,hat,6.042663,5.5398164
4760,why,tree,6.0424604,4.270603
3490,like,beside,6.0392504,-0.44528237
8159,will,potty,6.038294,-1.1704564
4361,will,bedroom,6.038185,5.4986835
7902,TV,where,6.0355606,5.1415668
8483,airplane,stairs,6.034806,1.3486655
7012,open,blue,6.032611,6.0251393
6267,before,head,6.031076,4.5560813
2634,all,dog,6.0276346,-0.46726394
7714,face,make,6.026796,1.5942385
2099,grass,fish,6.0260825,4.3857183
925,chin,refrigerator,6.025827,4.5075326
8376,beside,happy,6.0246596,0.7305181
1116,flag,pizza,6.0231767,3.230349
5786,there,beside,6.0224447,4.722292
7118,black,penny,6.021593,5.7128596
3100,fish,animal,6.0215507,3.1485639
7494,mom,icecream,6.021382,1.7105854
8388,outside,head,6.0202765,3.4318514
4554,cat,cut,6.0193286,-0.71717215
8262,girl,wake,6.018085,4.2521515
1330,have,animal,6.0146775,4.2362857
4627,pen,tomorrow,6.013292,1.6912557
5959,balloon,blow,6.013266,5.6425443
1498,jeans,drawer,6.011349,4.932322
8537,pizza,helicopter,6.0070806,4.7805367
5056,jacket,outside,5.9999957,4.2527027
5489,wet,go,5.9971247,3.916309
2035,hate,ear,5.9964414,4.3340535
3842,make,hide,5.9934425,5.5974684
8849,minemy,bath,5.9916353,2.0046198
8895,cat,loud,5.9859085,2.9055474
3468,now,pajamas,5.983912,4.6779103
74,morning,outside,5.9817734,3.5586348
3115,pizza,TV,5.9793134,5.485959
812,before,please,5.9753475,3.6659265
3423,hat,into,5.9731917,1.184903
7214,for,moon,5.9703684,5.332141
8905,clean,stay,5.9689703,5.7543435
1352,cloud,blow,5.968161,2.9474201
3083,green,tooth,5.967802,4.799394
2232,fish,finish,5.9656563,3.8911262
5244,bad,blue,5.9638577,1.3782209
4861,potty,haveto,5.963389,5.517596
1477,radio,into,5.962614,-0.35662776
5230,red,underwear,5.9599295,2.7460725
209,please,white,5.9561996,4.187385
8833,after,potty,5.9560347,0.89807975
1582,can,yes,5.9560204,4.3715954
3890,jump,dance,5.954823,5.074505
4505,dad,donkey,5.949689,3.94457
2767,aunt,backyard,5.9474607,3.3432634
6324,pajamas,fall,5.9451823,4.7077737
7262,all,another,5.9426823,4.722393
8203,cloud,drink,5.9424434,5.7950397
2988,helicopter,puppy,5.9415054,3.7771974
2935,moon,snow,5.9406343,3.4104226
8411,open,bad,5.9405217,2.164142
243,now,if,5.9400296,5.6381254
8441,wait,go,5.940015,5.3407717
6207,grandma,puzzle,5.93501,0.9659959
3470,pizza,snack,5.9338126,2.0505273
5719,head,sleepy,5.9333415,5.4731297
3638,hesheit,hate,5.931963,2.0948846
7979,before,room,5.9302173,5.592627
6583,jacket,dance,5.9270053,1.2630609
9094,if,yesterday,5.9260426,4.146544
701,pajamas,drawer,5.9243617,2.5340688
5642,story,fine,5.9230785,4.479355
1831,who,bird,5.92146,4.9275355
6431,say,lips,5.9200783,5.5250735
5668,helicopter,cloud,5.916604,3.8468144
8153,jeans,happy,5.9128485,0.31310746
7633,open,will,5.912299,0.4506842
3460,because,every,5.906177,1.7662251
6910,tree,cloud,5.9059167,1.695516
6620,there,gift,5.9059057,3.0005338
8758,eye,first,5.9009757,4.6351604
2700,hungry,car,5.9003735,4.6125207
6291,high,tiger,5.8938565,5.125172
5227,there,dryer,5.8935485,5.8906956
6497,wet,sun,5.889778,4.9914002
9314,better,pizza,5.8874054,3.4977918
9181,shirt,down,5.8868613,-1.8209019
3024,no,ride,5.8733563,3.1898227
4496,backyard,refrigerator,5.8731174,4.7528324
2497,owie,wet,5.8721457,0.91362345
265,story,cloud,5.8707523,5.5077624
686,beside,child,5.865444,4.587467
5114,dog,another,5.865418,5.5880504
4540,say,cut,5.8626695,2.4917068
6502,clean,arm,5.861373,1.1753246
3448,sticky,cat,5.859676,5.296292
6070,beside,potty,5.859668,5.259368
2579,lamp,many,5.8596034,2.3931983
457,nap,gum,5.8551793,5.5059943
186,wake,awake,5.854819,5.3634863
6699,give,scissors,5.8543897,4.916588
8242,bad,man,5.853321,4.036364
7688,touch,clean,5.8517604,1.8241631
7426,jeans,girl,5.851693,4.731319
7718,mom,grandma,5.8485494,5.396281
5626,zipper,pencil,5.843219,3.2337577
5312,go,feet,5.8406115,1.6065497
5875,bee,bed,5.8394604,5.6445117
4651,food,home,5.838342,5.209246
7712,book,wait,5.836893,5.113048
373,snack,wet,5.835491,5.260107
4894,owl,boy,5.8349056,2.840512
3874,no,chair,5.8315635,2.8955748
9285,tree,head,5.8303213,1.2372597
316,awake,night,5.8283687,2.7349772
5507,finger,feet,5.825689,2.4700468
7219,kitty,yucky,5.824942,3.1982853
5953,feet,zipper,5.823745,3.8188636
5662,see,stairs,5.822845,2.4177
7685,kitty,blue,5.815503,3.8900054
7385,see,jacket,5.8079677,0.7873287
9145,tree,go,5.8070726,3.2456043
2782,doll,pen,5.805097,4.1315613
3821,into,chair,5.804289,5.237662
4342,mouth,chin,5.803682,4.941868
4961,make,zipper,5.801052,3.778518
768,garbage,shower,5.798621,3.57152
3207,find,up,5.7939425,2.1336234
6642,no,alligator,5.7878065,4.2197948
6996,fast,happy,5.7833424,2.5224514
840,chocolate,man,5.783269,3.1512
408,car,milk,5.781846,4.900492
6931,police,fine,5.780194,2.854623
9269,all,story,5.778976,5.694333
660,jump,up,5.778405,2.600179
4820,fall,like,5.7728024,-0.24860427
8101,tree,finish,5.771579,4.9545517
4145,underwear,snack,5.770666,5.382647
9139,drop,yes,5.7703047,3.8658042
5913,pool,arm,5.7684407,2.08363
6962,fine,talk,5.766048,5.7264543
2975,closet,go,5.7652445,3.6532562
985,fine,quiet,5.764459,5.375425
1825,child,quiet,5.7637157,4.1398225
5504,go,shoe,5.760776,2.940309
610,TV,potty,5.7607336,4.860811
9135,talk,room,5.7603106,3.3109343
6786,cereal,weus,5.757967,3.5700815
93,dance,like,5.7577224,5.151329
654,there,many,5.7560477,2.4971352
8102,into,rain,5.7554193,5.1403146
8336,stairs,dance,5.7544045,4.3243523
9242,because,bath,5.753383,0.45338565
4157,noisy,for,5.751342,3.9704838
4278,pen,potty,5.743494,5.3987885
6713,police,fast,5.742059,5.3620095
5534,head,napkin,5.7414293,4.4489512
2995,owie,on,5.7396135,4.9769773
8855,hear,eye,5.735752,5.7215877
572,garbage,say,5.7356696,2.3178885
378,room,bedroom,5.729651,4.1911635
8673,dance,fall,5.7291865,3.720711
7079,hate,TV,5.7202635,1.4401627
6960,drop,dog,5.7196083,2.557113
6427,will,person,5.7184954,4.5212502
9019,dad,gift,5.7153583,-0.25165594
7856,mitten,alligator,5.712529,3.772501
7413,feet,hesheit,5.711631,1.5582863
7654,after,fish,5.7115765,4.5820894
3911,cheek,blue,5.7063236,5.1640925
1065,close,bee,5.706095,5.611611
3045,another,jeans,5.703282,4.8950458
30,chair,jump,5.703165,3.9002905
3583,hair,morning,5.7025084,1.2613432
3853,say,cat,5.695052,5.045972
8036,bye,beside,5.692382,2.862889
886,flag,morning,5.6877465,5.2047086
7481,look,chocolate,5.686121,4.0568166
188,grandma,taste,5.6828403,5.1777196
7620,can,jeans,5.6825857,4.016889
2529,zipper,jacket,5.6823697,4.103336
3714,fish,girl,5.681528,0.19565043
7309,brother,down,5.6796594,3.1226826
6409,on,fine,5.675929,0.92853594
8784,face,eye,5.6758013,4.612456
2663,give,zipper,5.67238,-0.52735895
2850,mouth,nose,5.6707673,4.6996927
2042,can,tomorrow,5.6630936,3.6416204
3474,airplane,backyard,5.661551,4.7287
8556,cut,hen,5.6587086,4.2677054
327,giraffe,hungry,5.6455,5.278242
2612,close,cat,5.641641,1.9457376
6064,pen,quiet,5.63551,5.001561
6218,mouse,doll,5.6324377,4.756268
8091,open,book,5.63239,3.340001
7739,apple,tomorrow,5.631904,5.0048122
8396,cereal,blow,5.613113,0.94503254
4921,not,arm,5.611187,0.6611116
3637,room,close,5.6002774,3.185477
5112,face,weus,5.597213,3.9606361
934,jacket,girl,5.5911493,4.895869
3912,mitten,mom,5.5871825,3.0075316
4677,person,up,5.5870824,4.634387
428,toy,drawer,5.5858054,2.0029967
6959,cloud,hello,5.584412,5.120884
2682,up,brother,5.584341,3.51833
5485,beside,better,5.5833907,3.7867422
8243,brother,black,5.581513,5.2430134
3014,dry,snack,5.57895,4.5868273
3909,bird,carrot,5.5774946,4.9585767
1303,haveto,no,5.5755677,-0.059586734
7880,arm,mouse,5.5754986,4.631031
6932,listen,owl,5.5734,2.771521
7773,feet,stay,5.572543,4.799807
2982,all,better,5.569948,0.55770564
2991,store,story,5.5698776,5.5582733
6041,yellow,airplane,5.5642323,5.1492815
8722,fish,sad,5.5610847,0.45300886
3418,underwear,mouse,5.5600643,2.7496061
6982,red,drawer,5.559658,3.4585369
6536,elephant,cloud,5.552103,4.544912
3192,bedroom,person,5.5491266,-0.5957606
5466,tiger,cry,5.5461445,-0.2079024
8543,noisy,high,5.5444555,4.2931147
5990,shirt,balloon,5.543893,2.5813859
4338,old,mouse,5.538971,5.1144485
7729,scissors,weus,5.538618,0.73561573
3406,stairs,sticky,5.537034,1.4730401
8479,sleep,pretty,5.5340166,5.464022
2639,happy,blue,5.5315084,1.0130279
3656,alligator,finger,5.5299354,2.575839
6989,owie,sticky,5.5293584,0.7161684
106,open,there,5.528075,-0.122354254
4374,bed,bee,5.524858,0.5689413
9224,on,child,5.523912,2.4436224
5952,mad,high,5.522414,4.777438
2313,cheek,chocolate,5.5217757,4.080506
8452,potty,bath,5.519519,4.0914593
568,have,happy,5.514982,4.742261
2856,kitty,airplane,5.514962,0.7777
6141,balloon,orange,5.5144577,3.4442465
3669,time,where,5.5128975,-0.96800786
3409,sticky,frenchfries,5.51204,4.4633937
6101,same,jacket,5.508512,2.565052
1472,toothbrush,yes,5.505639,4.0712595
7818,cheek,say,5.5025067,2.0626569
3046,dry,thirsty,5.493814,5.4484973
5221,grass,napkin,5.4877124,4.1381226
143,girl,night,5.4739785,3.9336455
1695,hide,frog,5.4735694,1.2899996
6605,give,giraffe,5.4732194,4.365399
7204,smile,tooth,5.4685616,3.961759
3582,fireman,nap,5.4666977,4.8547215
7427,zipper,pool,5.4649568,1.2437414
2233,giraffe,morning,5.463955,3.0001955
7310,open,goose,5.462139,5.1026154
9066,down,backyard,5.451488,2.349518
2290,pajamas,flower,5.4472723,3.1715908
1209,jacket,girl,5.4467425,3.6344805
1749,awake,yesterday,5.4420366,3.782673
1160,chin,thirsty,5.440481,4.3358097
2226,because,donkey,5.4243875,3.103094
3878,pencil,pen,5.4236984,5.3299065
5391,farm,finish,5.4205413,0.14374813
598,yucky,grandma,5.415731,3.2754126
8341,yesterday,jump,5.410181,1.2565227
463,bedroom,give,5.408945,1.2652884
1787,pizza,beside,5.4042773,2.239955
8507,tree,sun,5.393334,1.1753395
6500,fine,book,5.3903594,4.0657783
3128,boat,give,5.385008,3.3012874
2759,dance,night,5.3767796,3.399507
5586,shoe,yes,5.3733,5.0051966
7985,drop,time,5.372638,2.167723
5762,feet,cat,5.372224,5.1027427
7313,mouse,duck,5.3709364,4.028165
8976,go,child,5.3702664,3.7834334
3881,like,clean,5.3693404,3.0304523
4345,white,grass,5.369069,5.1965146
7485,goose,stairs,5.3684845,1.5639486
430,time,another,5.367556,2.628636
5985,wolf,grass,5.3669415,0.124854386
9018,open,beside,5.3624234,3.9421978
8632,there,on,5.3598413,1.2837442
7047,old,table,5.357374,-0.24995501
5926,empty,scissors,5.354794,3.9448507
7029,who,old,5.35436,-0.08610514
3952,cut,another,5.3459167,2.7999592
1391,water,read,5.3440876,4.178046
7243,grandma,arm,5.342988,3.9471595
5674,make,stuck,5.3428054,5.2282023
5279,yourself,hide,5.342739,4.6897397
3571,pretty,man,5.338132,4.5787835
4270,why,flag,5.3340583,4.3352532
1585,yes,yellow,5.3330975,4.346815
2217,food,wolf,5.3325486,5.149675
5978,TV,can,5.33,2.7004936
2773,cloud,into,5.327642,2.4171052
4115,any,can,5.3252354,4.9833345
2827,touch,same,5.324236,3.2725098
2986,lamp,toothbrush,5.3227854,2.0931222
6574,scissors,fall,5.319395,3.5094037
3658,taste,wait,5.309119,4.3534303
7428,dry,dryer,5.3060102,4.867014
5729,sticky,stuck,5.3054466,3.883923
796,closet,time,5.3038826,4.18613
6921,hesheit,cut,5.303098,4.8831763
2096,into,clean,5.3000326,4.8745356
750,who,zipper,5.2964935,0.77661127
6009,police,hungry,5.2945385,3.727455
5088,give,milk,5.292941,2.3839395
5697,have,beside,5.2843285,0.29246652
6974,sun,close,5.2843027,2.7460275
1960,night,mitten,5.2815294,1.5100709
9261,giraffe,jacket,5.280909,-0.25438496
4173,mitten,fireman,5.277118,4.3018484
1251,snow,rain,5.2755284,2.5379555
4752,open,bed,5.2753887,2.1765404
5284,pretend,man,5.2751336,4.9040394
185,carrot,pretend,5.2642355,0.15892741
634,dryer,time,5.264193,4.7029185
6565,wait,go,5.264179,2.9482133
6842,lion,drop,5.2641163,-0.49935222
9017,haveto,can,5.2634735,3.9182286
3639,yourself,every,5.2579536,4.295438
7093,ride,night,5.252979,3.1930053
7990,sad,head,5.252736,4.126869
4759,TV,nap,5.252625,4.591129
3125,room,bye,5.248908,4.35889
5987,chocolate,shirt,5.2448354,1.5533273
9037,finish,wait,5.243525,3.4817777
3290,all,story,5.24337,5.017844
6036,vacuum,backyard,5.241074,4.014776
2268,helicopter,rain,5.237296,4.3274374
1990,all,another,5.2347865,4.202162
3321,frog,aunt,5.2346535,0.31753558
1638,closet,drop,5.2332354,-0.14753318
1021,vacuum,another,5.2315907,4.334394
7983,wait,finish,5.231303,2.2110848
4529,tooth,thirsty,5.2250557,3.1935735
7611,underwear,hot,5.221281,0.75048864
971,into,close,5.2192245,4.3119073
211,after,shoe,5.2149353,0.7760513
7465,smile,head,5.213797,3.979823
717,child,jeans,5.211218,1.4716799
8738,cut,closet,5.2106643,3.3424501
7286,touch,chair,5.210169,1.7573448
3537,like,jacket,5.2084875,0.5101084
1769,goose,jump,5.20341,2.5855145
9205,shirt,drop,5.203139,2.798986
528,yellow,stay,5.2023325,4.9124203
5982,vacuum,refrigerator,5.1955724,4.239954
8066,dryer,dance,5.1954746,3.3118482
2416,hungry,underwear,5.189999,4.9563413
7918,rain,cloud,5.189411,3.1426656
1993,sleep,can,5.171812,0.43262765
3745,pajamas,if,5.170889,2.7656307
6020,look,bug,5.1701922,3.163237
235,goose,jump,5.164375,3.884362
3302,garbage,shhh,5.1638837,2.9887404
1010,have,go,5.1617227,0.6871117
5026,happy,cheek,5.1615186,3.8463252
3201,snack,wake,5.1561136,2.0247679
6480,look,sun,5.152528,2.9848387
3428,book,fish,5.1486053,4.310783
3788,blow,every,5.1480274,3.6921976
4140,on,night,5.140779,2.6472132
4092,wet,bird,5.138389,0.9273006
2023,alligator,child,5.1362147,4.0494914
2737,ride,jeans,5.1324916,2.9919267
2243,smile,goose,5.131355,3.518048
5023,hot,grass,5.127756,2.811862
275,after,puzzle,5.1274037,4.959865
3979,into,pool,5.1266603,2.401836
9208,tree,rain,5.125567,4.9090385
3058,frenchfries,stuck,5.1251626,0.97172415
1884,uncle,jump,5.1203337,3.7907667
4762,mad,bad,5.1173615,0.17217669
5544,carrot,same,5.115995,4.994912
2285,fall,table,5.114303,3.970536
1904,close,cereal,5.1140394,4.858062
1891,kiss,bye,5.113146,4.48816
7127,hide,refrigerator,5.112376,3.291291
7775,vacuum,jeans,5.106768,4.893968
2332,bed,vacuum,5.1059313,0.5311229
7191,blow,nuts,5.1053424,1.5802068
8531,bath,car,5.1051583,3.7691085
9149,closet,green,5.0997095,4.8957176
583,not,orange,5.096876,4.899239
4600,child,bed,5.09135,2.273912
294,fast,closet,5.091011,3.279155
6205,dog,drop,5.089811,4.055218
800,time,feet,5.0861316,4.162791
5461,tree,mitten,5.0842795,4.9463563
2705,head,store,5.0813184,3.1369243
618,another,dog,5.071482,3.5082161
1131,fine,into,5.069378,0.97656405
4323,clean,farm,5.063389,0.6825746
5326,rain,read,5.0614324,3.9285426
3274,jump,garbage,5.0587482,2.1164875
7884,wet,sticky,5.0453434,2.5574389
5357,morning,milk,5.0451655,-0.77759564
8713,grandma,yourself,5.0437965,3.9720418
7824,bye,ride,5.0406523,3.3013725
8503,close,on,5.0391307,3.9289196
3027,go,moon,5.0385213,3.4442422
8949,any,flag,5.0322037,0.35305974
7346,hide,girl,5.030702,2.883286
5640,face,any,5.029995,1.1493882
6089,find,bye,5.0284925,1.9988507
3859,thirsty,scissors,5.021749,-0.4206211
6335,cry,first,5.0208325,2.9150043
4307,fine,yucky,5.0202804,4.98279
7449,noisy,empty,5.0199475,4.379465
9301,elephant,farm,5.017737,2.0730562
2970,there,now,5.01627,3.9668694
1434,jeans,night,5.016077,3.660746
7786,pajamas,read,5.011042,1.6341703
702,night,on,5.0092783,1.9564917
7172,who,cheek,5.004384,1.6786335
1151,pajamas,hungry,5.0030355,-0.37745154
5424,can,night,5.001111,4.8355227
5146,red,fast,4.998898,4.0197644
1536,grass,vacuum,4.996935,0.978537
3145,bedroom,wait,4.9953637,1.3931102
3940,water,talk,4.994465,3.214836
5174,farm,mom,4.990714,3.723711
3193,empty,table,4.9873543,0.62116754
1641,drop,noisy,4.986374,2.5433574
990,morning,kitty,4.9863067,3.8367267
8311,farm,on,4.984738,3.6194916
6419,will,book,4.9767947,3.3642333
1743,bird,chair,4.9734516,2.8336263
1737,read,zipper,4.9734135,1.0122979
5995,grass,drink,4.969425,1.0108466
6339,police,yucky,4.966629,2.0490153
2490,drop,same,4.966014,1.7477437
2857,no,on,4.9656887,4.784344
9343,toy,up,4.9646235,0.45167944
6040,weus,arm,4.9581156,3.0259423
7513,fall,owie,4.9517417,1.4954338
2064,puppy,white,4.9429746,2.2795253
2458,hungry,story,4.942006,3.627208
1423,giraffe,yucky,4.9414463,-0.14948568
8484,hat,boy,4.9355855,2.2736688
2401,drop,owl,4.929877,4.496352
8187,any,flag,4.9255066,0.53557014
7287,wait,many,4.921772,3.1207252
7715,grass,clean,4.916374,-0.445436
7210,time,pencil,4.913697,-0.0010582805
5672,brown,farm,4.9083233,0.2229994
6487,hen,pen,4.9047375,3.1967854
6121,refrigerator,hen,4.8994255,3.8916297
6127,toy,backyard,4.898593,4.6183395
2691,hate,pool,4.892993,1.0064818
4056,empty,bad,4.886259,2.5651066
1225,donkey,rain,4.877398,3.5932035
4566,flower,will,4.8764157,2.947844
6732,flower,food,4.8667455,4.586577
7662,another,elephant,4.855507,4.736826
3328,child,can,4.8537345,4.34871
1874,face,pencil,4.849428,4.119197
2236,on,alligator,4.8488865,2.920519
8802,ride,into,4.8392086,0.9526056
8593,on,lamp,4.837059,2.5829403
970,open,all,4.830163,4.762653
6622,grandma,grandpa,4.82411,1.6119891
7190,pretty,sleepy,4.823361,1.6538649
7966,helicopter,hesheit,4.823302,4.369616
2473,cry,shirt,4.8181047,-0.39161596
5784,give,gift,4.8154416,4.7194066
9204,down,lips,4.807586,2.8935413
2776,wait,wet,4.8029723,3.4416676
1047,like,hat,4.79949,1.2712715
4064,gift,feet,4.798069,1.2664717
1412,chocolate,loud,4.7843266,4.320925
3650,fish,arm,4.777979,4.243484
8631,elephant,night,4.776544,4.237177
7068,every,jacket,4.763219,3.5634193
1071,first,vacuum,4.7613335,-0.49830964
5000,stairs,helicopter,4.7608953,3.9511867
2316,no,chair,4.7535186,2.6104167
5809,child,table,4.746256,3.681385
9310,fine,where,4.7400713,4.066819
710,pretend,bed,4.735108,2.1235008
2931,vacuum,down,4.7237034,2.7706976
4626,empty,wait,4.7235394,1.7925497
2630,police,home,4.709928,0.26893517
1154,zebra,car,4.7096457,1.8813815
4117,store,goose,4.7012024,3.2617016
7507,jump,nap,4.697104,3.706944
4664,bee,clean,4.6908927,2.5366836
633,touch,another,4.688671,2.3241847
3675,find,jeans,4.687298,2.5987852
3866,like,hot,4.687273,4.517501
3790,better,beside,4.682802,3.6539247
7835,stay,pen,4.6722717,2.5317278
236,stuck,sticky,4.6706276,-0.2540301
7393,not,vacuum,4.6674805,1.0745249
8165,lamp,garbage,4.664619,0.3767637
2135,go,loud,4.664104,2.4716787
2068,any,sticky,4.661796,1.927086
8357,fine,beside,4.659152,1.4524401
4865,nuts,goose,4.657375,1.3551135
8460,can,TV,4.6552296,4.5423293
9074,puppy,pool,4.6455617,0.89174986
4532,smile,cry,4.642333,4.4511733
2902,old,beside,4.6414247,1.2483698
4116,ride,rain,4.639519,4.294598
9040,sad,outside,4.6354795,4.1305847
1027,there,garbage,4.6308317,3.0321796
6782,talk,hot,4.6302056,0.48189372
349,happy,fish,4.619201,2.9740384
356,backyard,rain,4.609021,3.0763516
1766,give,outside,4.5960393,3.7008562
8403,same,thirsty,4.58796,0.23781247
7777,all,jacket,4.5875406,2.294223
6776,wake,read,4.586266,0.20000854
7284,refrigerator,lips,4.5761237,-0.7905365
6737,wolf,store,4.5757337,2.1817472
1637,potty,backyard,4.5754166,2.9429643
9230,hungry,jeans,4.5701075,0.6977882
3031,home,time,4.5697207,1.6528683
3707,snow,blow,4.567306,2.0500078
1499,night,time,4.5575004,3.066262
400,book,vacuum,4.55056,1.1115751
7386,jeans,farm,4.541282,0.73614955
7036,hear,backyard,4.5366216,4.4410987
3169,mitten,penny,4.517319,3.5595975
9265,clown,cat,4.5147457,3.156452
4265,cereal,bye,4.5087214,1.9845943
7755,table,pig,4.5071206,3.4801984
5293,that,puzzle,4.499704,3.5247548
5742,hello,head,4.4987855,2.1970704
6800,finish,happy,4.4979677,3.0208797
8647,cut,person,4.495131,2.940034
3868,bath,beside,4.488756,3.1856747
6756,yellow,jacket,4.4878316,2.5034027
5418,frenchfries,fall,4.4789567,1.6830059
6118,grandma,man,4.4768476,3.647111
4325,who,thirsty,4.476141,1.0357513
5049,backyard,close,4.470633,3.104276
995,all,shirt,4.467655,2.1156049
2450,bath,empty,4.4658837,-0.6273448
3288,shirt,drop,4.4569917,3.8071585
6623,rain,why,4.4497194,0.6450848
6478,smile,elephant,4.444812,1.9768103
5469,refrigerator,open,4.4427633,0.97994304
6305,touch,hate,4.436163,1.3773334
1449,hat,thirsty,4.415045,0.44990394
9110,table,jump,4.4142404,1.7909452
326,jeans,weus,4.405958,2.7735453
4723,wet,vacuum,4.403827,0.7620337
6734,glasswindow,store,4.402692,3.7703743
4811,sun,pretty,4.4020324,1.1316078
7641,chocolate,shirt,4.3869953,0.22391286
7457,store,shoe,4.3795257,2.6831315
45,cut,jeans,4.3721876,3.0888216
4683,ride,fall,4.3688416,2.7420805
5059,dirty,taste,4.3650737,3.8014925
3333,feet,puzzle,4.357496,2.8276467
1289,better,eye,4.355849,-0.064453706
7016,alligator,shower,4.352187,0.35685933
202,same,mouse,4.339975,1.515213
7295,shoe,another,4.329316,3.869149
4085,night,child,4.323002,3.3728487
5484,all,thankyou,4.3185835,2.7669134
3118,think,kiss,4.315914,4.193616
6363,yucky,hate,4.310484,0.1458422
7749,elephant,clean,4.289668,3.264794
506,weus,shirt,4.2796383,1.9171206
3153,boat,room,4.278943,4.203945
1927,beside,outside,4.2712116,2.5159276
7886,girl,gum,4.2687364,0.5488049
8649,police,potty,4.265681,-0.7114687
2005,alligator,puzzle,4.2604594,4.1606345
2016,old,vacuum,4.2566385,3.7729685
5264,boat,giraffe,4.2544627,2.8031244
8134,feet,shoe,4.2434955,2.4195185
3516,backyard,arm,4.243456,0.9808001
6755,blow,goose,4.2383933,3.3458006
6957,because,another,4.2009506,-0.3178318
3283,home,grandpa,4.1986856,0.5190163
151,vacuum,zebra,4.1761193,3.2112093
3921,hungry,wet,4.1714725,3.0526094
4585,face,time,4.1649737,3.8827949
2002,white,vacuum,4.1550813,1.2574128
1790,stuck,vacuum,4.1547256,0.021068513
1918,book,beside,4.1406918,1.4003862
1912,after,fine,4.1229663,2.887291
6180,arm,backyard,4.117936,2.873746
2668,pajamas,minemy,4.114728,1.8021606
182,helicopter,drink,4.103682,-0.033784613
6582,food,bath,4.101457,1.2051682
5479,face,thirsty,4.0947213,0.6546416
342,tomorrow,carrot,4.087134,2.3295045
1132,wake,toothbrush,4.085613,1.7465649
6086,minemy,fine,4.0843873,-0.7909083
1871,chair,into,4.075816,2.6218464
238,wolf,nap,4.0704274,2.9710593
4797,will,after,4.067306,0.57396305
5216,wet,wolf,4.0665956,2.8093054
4268,finger,sticky,4.0598135,3.4470763
2718,go,hungry,4.0382514,2.3658803
3615,jeans,snack,4.034359,3.2161248
1914,red,story,4.014186,-0.8383833
1518,read,owie,4.0138144,2.8332396
2179,backyard,pool,4.0110464,1.397724
8222,read,vacuum,4.00531,1.1092355
167,vacuum,drop,4.002849,2.5252528
4298,bad,have,4.0023603,1.1489604
7721,blue,fish,3.9871297,3.9102118
7317,pool,beside,3.9855826,1.4346924
300,dryer,minemy,3.9840174,0.82036364
3558,table,story,3.9828522,3.6852217
2218,awake,wake,3.9803486,3.9447322
9075,like,stuck,3.9771085,3.850309
1386,donkey,on,3.9565356,2.444948
8103,sticky,hate,3.9562297,2.534224
704,icecream,nuts,3.9446907,2.4129229
3755,empty,story,3.9228065,2.2566006
2599,hesheit,boat,3.916083,1.4388183
1203,night,beside,3.914739,2.636239
6161,pencil,snack,3.9042666,3.2450562
3607,flower,sleepy,3.8951342,2.5077598
2763,where,book,3.844658,2.5947688
6644,yesterday,tomorrow,3.7986512,3.6376066
3535,taste,beside,3.7764945,0.9699391
586,any,dance,3.775425,2.1183357
8548,blow,down,3.7733371,1.7845429
3396,dance,zipper,3.772279,1.6376956
8639,jeans,yucky,3.762992,1.6189253
5087,beside,make,3.7516353,3.1006255
1639,after,jacket,3.7079525,0.8154907
4998,toothbrush,time,3.6970234,1.8641983
6058,can,touch,3.6895514,2.7025914
20,chin,TV,3.6785388,1.576814
9232,cut,shirt,3.6479685,-1.4455156
246,beside,hungry,3.6260643,3.2791045
7285,pen,time,3.608285,0.43293267
7670,hat,beside,3.6003973,0.08359793
6228,eye,time,3.591691,0.0673351
1361,blow,down,3.5876307,2.5110173
2109,stay,backyard,3.5780995,0.5386245
2486,child,beside,3.5688767,0.39902955
5832,zipper,shirt,3.563224,0.7416563
2029,dad,into,3.560289,0.2773623
8500,finger,there,3.5365233,1.8727368
558,eye,zebra,3.5120885,-0.46304393
1373,boat,hat,3.474434,0.0045210645
2879,zipper,hat,3.4688506,1.9234906
4802,yucky,grandpa,3.4683793,1.2208961
6647,zipper,another,3.4457617,1.9244494
8653,moon,tooth,3.4369605,3.1228726
4758,before,hungry,3.4326682,0.6750439
8685,drop,arm,3.4016953,1.6644326
7900,that,hesheit,3.393506,0.9167973
1660,milk,puppy,3.3926928,1.518105
9209,pretend,beside,3.3617337,0.8225746
2990,nap,hat,3.3464885,1.3095877
943,puppy,fireman,3.346332,1.2556251
2036,owie,pig,3.3190725,0.5539412
2322,room,night,3.2791786,2.0173416
714,owl,fireman,3.274809,1.744982
9313,police,vacuum,3.2490618,0.37606886
1172,airplane,green,3.217214,2.002594
5584,finger,arm,3.1980658,-0.4834231
9243,minemy,hat,3.1628242,1.4100327
502,balloon,noisy,3.137042,2.0988803
5524,chair,weus,3.1346765,0.8051743
4242,wet,open,3.1212773,0.2605118
5119,refrigerator,time,3.0955539,0.12545656
4141,brother,beside,3.086923,0.85636675
323,bird,bed,3.0838912,-0.3682073
8450,hot,quiet,3.0741184,0.9076811
643,giraffe,garbage,3.0732427,1.8769675
7098,morning,hat,3.0731263,0.3643684
7073,time,napkin,3.0540261,1.2068284
7767,animal,morning,3.01593,0.2911601
8804,kiss,hat,2.9730964,1.0675411
8817,that,any,2.9210079,2.199669
7959,ear,will,2.9180827,1.2125322
5696,bath,blue,2.9180527,2.6765106
2541,elephant,on,2.8668172,0.73928857
1562,orange,shoe,2.8454132,-0.8410461
1306,there,now,2.7949333,1.7103769
4717,grandma,drawer,2.7107897,-0.78959966
2683,quiet,garbage,2.6990676,1.2481557
2113,before,vacuum,2.5797036,0.55889547
964,green,not,2.2758703,1.0154008
2498,fine,hat,2.2494545,0.18609764
6306,thankyou,beside,1.7166157,0.88151896
